{
  "r2_darwin": -0.5777820294876799,
  "r2_chaos": 0.6482128663706643,
  "rmse_darwin": 714.917150813585,
  "rmse_chaos": 337.576486676853,
  "best_brightness": 0.0001,
  "n_train": 4000,
  "n_test": 1000
}