{
  "r2_anthro": 0.9998664974931312,
  "r2_non_anthro": 0.99996032040579,
  "r2_difference": 9.382291265880305e-05,
  "max_correlations_anthro": {
    "v0": 0.9907020421392947,
    "angle": 0.9909649868201006,
    "v0_squared": 0.9994797300820703,
    "sin_2theta": 0.5615604113845277
  },
  "max_correlations_non_anthro": {
    "v0": 0.9954154847998331,
    "angle": 0.760380739049644,
    "v0_squared": 0.9983140109723739,
    "sin_2theta": 0.6750185926516824
  },
  "statistical_comparison": {
    "v0": {
      "mean_anthro": 0.4732602041188371,
      "mean_non_anthro": 0.8037828707216913,
      "mean_diff": -0.3305226666028542,
      "t_statistic": -50.889771781036714,
      "p_value_t": 0.0,
      "u_statistic": 626556.0,
      "p_value_u": 0.0,
      "cohens_d": -1.5903053681573973,
      "max_anthro": 0.9907020421392947,
      "max_non_anthro": 0.9954154847998331,
      "max_diff": -0.004713442660538414
    },
    "angle": {
      "mean_anthro": 0.49658130643692217,
      "mean_non_anthro": 0.30403378670577,
      "mean_diff": 0.19254751973115214,
      "t_statistic": 25.93473036876649,
      "p_value_t": 1.9369417326079882e-137,
      "u_statistic": 2968461.0,
      "p_value_u": 1.3423152426396442e-116,
      "cohens_d": 0.810460324023953,
      "max_anthro": 0.9909649868201006,
      "max_non_anthro": 0.760380739049644,
      "max_diff": 0.2305842477704566
    },
    "v0_squared": {
      "mean_anthro": 0.44643274450807285,
      "mean_non_anthro": 0.7474141290787265,
      "mean_diff": -0.30098138457065365,
      "t_statistic": -48.13420675941573,
      "p_value_t": 0.0,
      "u_statistic": 686731.0,
      "p_value_u": 1.7508930159525053e-304,
      "cohens_d": -1.5041939612317419,
      "max_anthro": 0.9994797300820703,
      "max_non_anthro": 0.9983140109723739,
      "max_diff": 0.001165719109696317
    },
    "sin_2theta": {
      "mean_anthro": 0.18242134551613456,
      "mean_non_anthro": 0.1507773667148149,
      "mean_diff": 0.03164397880131967,
      "t_statistic": 7.226658952439407,
      "p_value_t": 5.875425147227659e-13,
      "u_statistic": 2563514.0,
      "p_value_u": 1.4695185853586634e-34,
      "cohens_d": 0.22583309226373147,
      "max_anthro": 0.5615604113845277,
      "max_non_anthro": 0.6750185926516824,
      "max_diff": -0.11345818126715468
    }
  },
  "verdict": {
    "max_v0_anthro": 0.9907020421392947,
    "max_v0_non_anthro": 0.9954154847998331,
    "max_v0_diff": -0.004713442660538414,
    "p_value": 0.0,
    "significant": "True",
    "effect_size": -1.5903053681573973
  }
}